postcode_heuristic, commute_time
102.17568046559332, 0.23
1207.283243858671, 0.83
256.21644838805304, 0.18
164.92785653109107, 0.06
206.3589677857928, 0.02
1792.142277523149, 0.71
959.795665329971, 0.28
1829.8699250344162, 0.7
0.0, 0.0
516.6189420675153, 0.22
2175.875230221765, 1.22
339.54099966594447, 0.3
809.1344741272193, 0.58
2042.703077815693, 2.9
312.6659392548707, 0.19
325.20819856519336, 0.01
1138.6358048855757, 1.2
974.2010029472359, 0.23
3049.602993019754, 0.78
1012.5505503223093, 0.49
926.8276850642212, 0.22
1633.3325710937413, 0.61
288.40103484815023, 0.09
224.95605440889557, 0.2
1272.7475727551673, 0.3
547.0445014601465, 0.21
79.17914069633548, 0.19
43.703109193701835, 0.03
3805.284910070504, 3.67
1714.3039176772343, 1.84
1056.6771061247614, 0.14
306.87207498322766, 0.0
321.6745226460016, 0.0
790.0919313288106, 0.9
1202.27883599334, 0.51
531.1117941300587, 0.22
730.3238849546902, 0.47
1913.3074371031853, 0.6
665.9020881833012, 0.84
818.7702403197334, 0.21
1158.0888692921308, 0.46
1950.0962830048925, 0.48
323.47475192535853, 0.29
0.0, 0.0
409.8215312405289, 0.13
3496.7536922050977, 3.79
831.0042093023783, 0.29
427.9893535325787, 0.0
35.126669417017496, 0.0
2959.9407770314906, 2.55
151.95549078832195, 0.0
1176.50155957443, 0.32
478.66384510956743, 0.33
756.9118644396267, 0.28
1806.637700732452, 0.28
39.5149896699786, 0.22
136.59147944820543, 0.2
3.0946263338522924, 0.0
727.6774659557923, 0.0
622.2373527894487, 0.19
0.0, 0.0
1994.591775765573, 1.63
10488.820032402482, 0.27
808.8300716451785, 0.1
0.0, 0.0
302.33547807076013, 0.26
186.38243993535264, 0.0
458.43412252995574, 0.38
703.39344412845, 0.59
744.6224865220994, 0.0
478.2125797873442, 0.24
1116.6901722311636, 0.22
702.4733223689767, 0.5
1429.539221039689, 1.26
1391.6016840956224, 0.01
0.0, 0.0
67.7745424246657, 0.13
860.0223020878467, 0.05
227.32239173352457, 0.15
1903.2179512387613, 1.99
161.99016932946816, 0.0
1295.61682514614, 1.65
456.4817361872083, 0.24
681.4189149074947, 0.24
201.2562442126846, 0.19
1297.3055570226863, 0.59
45.11351171410324, 0.12
402.80910415744955, 0.09
461.18288186114273, 0.11
476.65878536890676, 0.28
772.5398423566044, 0.33
540.1493310427992, 0.24
1105.8223170494946, 0.45
4071.739099907211, 1.18
721.6307377849255, 0.12
475.67733822886095, 0.76
418.0567578479294, 0.24
817.1441958087994, 0.47
484.29862952306655, 0.18
4323.285254461835, 0.46
0.0, 0.0
492.3008671563851, 0.58
2.9702992221536677, 0.0
0.0, 0.0
3167.862755307412, 1.42
1142.7153236673144, 0.48
484.4421020868805, 0.25
0.0, 0.0
0.0, 0.0
1517.0593666387315, 1.38
603.6261033975948, 0.28
1719.8639543372726, 0.55
2325.5468278611806, 0.85
0.0, 0.0
141.5967322639467, 0.0
3005.5554668137174, 3.74
590.3209696569321, 0.0
0.0, 0.0
1280.7410913020854, 0.0
497.80867806981377, 0.22
2242.2416470125795, 0.87
1189.6625794247382, 0.25
670.4246065362117, 0.14
1579.3575138424308, 0.48
0.0, 0.0
0.0, 0.0
2162.643694063497, 1.33
764.2537555532366, 0.29
0.0, 0.0
2361.1126531845903, 1.17
166.7655068161118, 0.14
1132.0649038625072, 0.39
264.65851033385906, 0.13
453.1332233230012, 0.0
3.517859995321846, 0.0
486.30627339581514, 0.11
61.53304457193719, 0.05
63.37900552625774, 0.12
0.0, 0.0
89.00961141785636, 0.01
1023.5751515492519, 1.82
663.8898630980756, 0.2
355.42371078324226, 0.19
0.0, 0.0
564.711389401045, 0.0
858.645881302875, 0.42
637.211711195073, 0.16
0.0, 0.0
26.49491706544573, 0.06
230.19646803007478, 0.11
70.32005651587133, 0.06
28.907451636068245, 0.0
2050.8722589622307, 0.8
0.0, 0.0
1075.2828548858135, 0.22
1169.8639026880205, 0.0
618.0641046755687, 0.17
916.125314420693, 0.29
0.0, 0.0
0.0, 0.0
755.6802882484534, 0.71
3579.1925654653114, 3.77
470.1855887673575, 0.09
362.772651161851, 0.15
89.99960011520707, 0.0
1546.3627510282424, 1.92
39.61505978560552, 0.01
992.1491255308557, 0.11
537.0599253731802, 0.13
0.0, 0.0
371.2283502542523, 0.68
670.0379332157696, 0.29
741.5433267458372, 0.17
882.1634429125955, 0.09
417.5415176747282, 0.0
1408.1653019971143, 0.41
0.0, 0.0
1016.0217176422179, 0.33
236.42640699409048, 0.19
1066.2931288624784, 0.42
1037.854763119173, 0.23
1991.5933580192432, 0.46
197.10274163961435, 0.17
942.1646814845395, 1.92
1015.8968879742014, 0.42
239.97978383531847, 0.11
353.9568053389472, 0.0
542.4077890576273, 0.13
774.7642665409131, 0.64
807.7630868629674, 0.25
534.8814374616152, 0.91
1301.5806955908897, 0.0
139.9988990133961, 0.0
865.1197896593565, 0.41
1067.2682026553093, 0.57
1969.3088922800257, 2.97
62.38330250718239, 0.07
3698.9385398451755, 0.0
934.1544672573701, 0.13
68.91185588787457, 0.06
324.7441384000962, 0.31
486.16973969312033, 0.0
755.9907897489006, 0.65
2681.551784296995, 0.38
1491.2161391476834, 0.05
265.8475857852675, 0.02
2531.9418765780683, 0.61
967.1102889553079, 0.18
1837.8881867845405, 2.49
0.0, 0.0
0.0, 0.0
859.1629078525826, 0.44
371.0124138926228, 0.0
227.7263952287956, 0.05
884.5244282065203, 0.29
125.70287942943726, 0.23
452.0010545865085, 0.73
263.5677040805436, 0.03
847.0372188259727, 0.28
638.0097416119339, 0.33
176.9235583643104, 0.21
219.36179658795623, 0.2
40.33252017271711, 0.1
344.59328371355224, 0.08
621.5763977790382, 0.69
477.39061345238804, 0.4
978.382578565313, 0.32
1394.62787109452, 0.0
2093.894545654618, 0.92
609.992428317884, 0.31
1462.5677905423127, 2.72
0.0, 0.0
1281.6515571898026, 0.32
554.2624307017269, 0.21
1237.2263341154, 0.51
2537.270710557293, 0.52
0.0, 0.0
364.23879320045444, 0.49
684.5091477816932, 0.48
1480.6051113161002, 2.12
311.0645950906981, 0.19
2811.6999087437525, 1.18
1436.1905703211842, 0.44
0.0, 0.0
83.58209203905322, 0.07
692.3591436939316, 0.19
1048.6973740754345, 0.27
0.0, 0.0
438.00946644079767, 0.18
1331.1568071349848, 0.67
2729.7733615580605, 0.34
245.51405812868305, 0.22
918.1974630559838, 0.35
483.3571644185576, 0.0
672.5358053138574, 0.21
1673.3571602330057, 0.78
20.056962379043657, 0.0
156.55360621875812, 0.15
189.49135008245415, 0.12
1166.9651886626768, 0.38
2057.907566067053, 0.36
3158.029313216829, 2.77
869.5624637895007, 0.67
303.29407758512554, 0.0
526.6297925613615, 0.26
606.6614356278054, 0.32
490.43408285186274, 0.25
2630.900350628196, 0.01
331.60599342827146, 0.36
359.42803663807894, 0.05
699.9043894233472, 0.16
417.99388056007876, 0.24
2094.4898211475243, 0.87
11.635246515477132, 0.0
536.1739387204718, 0.01
1160.5968609928452, 0.44
1337.883471543781, 0.49
587.9466010420592, 0.43
3431.9407822105095, 3.42
580.6593380589214, 0.42
654.064732635504, 0.14
0.0, 0.0
1000.07366689286, 0.34
1170.4990681425463, 0.42
0.0, 0.0
1071.3644407874658, 0.31
155.01328682157268, 0.22
606.0535870585973, 0.09
1938.300407718745, 1.62
93.56679323079341, 0.14
228.79935512513083, 0.13
751.719312063227, 0.76
135.53317980904907, 0.0
2709.960761556368, 1.51
885.3786319134894, 0.09
286.62496816868395, 0.11
254.7419039078151, 0.34
680.1148353149833, 0.24
788.356636275637, 0.42
399.5456642349156, 0.0
644.5251832342758, 0.47
1806.312766022491, 1.3
200.54566324322192, 0.14
1086.6355095079393, 0.59
0.0, 0.0
115.16332692186023, 0.0
71.586265425143, 0.06
234.96004206591172, 0.08
986.9887043278296, 0.24
1291.425098340332, 1.02
256.2629124495398, 0.15
309.7834823772407, 0.62
224.82566531636525, 0.08
0.0, 0.0
174.71574318498875, 0.26
225.16810667144907, 0.2
1067.5544879613717, 0.23
146.05047276551872, 0.0
945.6192965084035, 1.23
879.541564543842, 0.28
1653.7776803783986, 0.4
942.2914370694276, 0.75
335.32269675165975, 0.26
929.2648838197322, 0.41
733.7941197334216, 0.31
297.66567597595605, 0.11
716.8453387539198, 0.0
292.17438013135427, 0.26
714.5827740934235, 0.15
537.4308165394759, 0.5
363.7547641812831, 0.37
829.8617167176187, 0.11
400.1081467548048, 0.01
399.8248423626143, 0.11
264.8652754163131, 0.0
272.44365129283915, 0.0
1031.5187725437358, 0.16
931.030808427204, 0.45
632.4084623893866, 0.32
516.6264156045747, 0.18
240.67069242217974, 0.45
604.7987734598966, 0.11
147.67177539512136, 0.06
521.947957533763, 0.75
228.22338528373783, 0.09
509.40522062380705, 0.08
217.6519232799153, 0.16
2709.1212079449824, 1.77
155.21764523359585, 0.37
899.631447657456, 0.27
1383.7989561342868, 0.72
931.7024966312752, 0.75
1455.5332802304074, 0.46
393.81726419780426, 0.15
858.9634186066647, 0.38
109.64246381057399, 0.0
2580.172715780828, 0.64
57.675942117930894, 0.0
910.0491629556435, 2.06
658.8219805333453, 0.68
186.51337704627588, 0.35
1390.7536140259235, 0.41
657.3602866598233, 0.56
0.0, 0.0
1325.5755360886699, 0.07
227.16750272011924, 0.01
10.955913786239925, 0.0
262.02664269780223, 0.28
1279.4049416696378, 1.7
1169.1147115638646, 0.7
419.41382623908225, 0.56
200.91705809542168, 0.0
417.51626752513783, 0.0
1210.2236842714915, 0.42
452.1343213826767, 0.12
76.5159588237108, 0.1
243.25843151283775, 0.22
127.46071698579973, 0.0
3879.953107866012, 0.51
593.9809125305072, 0.53
454.9441453588418, 0.04
1161.4285710731272, 0.2
0.0, 0.0
534.6173043096252, 0.09
596.8804256863463, 0.33
1332.7468924910845, 0.46
67.07329496638451, 0.0
4342.493448741695, 0.36
349.1165661825313, 0.4
244.51368301503197, 0.36
384.52980244280286, 0.13
1309.287726162137, 0.33
253.9089568218139, 0.0
908.1587890199515, 0.14
602.4404671615229, 0.08
778.7252992599349, 0.13
964.9129355968505, 0.54
0.0, 0.0
0.0, 0.0
733.6118608899544, 0.27
1283.7571247386215, 0.0
1456.8006584498448, 0.82
1131.8015046299827, 0.52
829.0133615493143, 0.18
1236.2456948050092, 0.23
648.2557374959385, 0.07
3821.0079206150017, 2.87
0.0, 0.0
662.3363851054534, 0.39
47.859520808794755, 0.03
419.9775429686966, 0.1
210.59740639981612, 0.07
1710.8710158742265, 0.3
0.0, 0.0
145.96910078260996, 0.15
398.01545829906735, 0.29
1405.8152506007427, 0.25
554.3843727450559, 0.18
0.0, 0.0
0.0, 0.0
823.7516153502075, 0.18
727.0680179256893, 0.73
1468.0791983640581, 0.56
409.6639955808463, 0.82
988.1504821382872, 0.56
2529.182127493774, 1.08
381.2561689058657, 0.19
463.98015791513, 0.31
1850.873698712848, 0.44
462.01238289010473, 0.07
515.8222644392041, 0.38
209.44425023419055, 0.15
538.6813656240417, 0.58
303.3372232593709, 0.0
320.78663591687535, 0.32
537.5784688778763, 0.03
628.8458383512221, 1.01
1.9803946305541185, 0.0
26.459165347360667, 0.17
23.146510227313325, 0.07
545.8422927286484, 0.23
1081.1038913839361, 0.63
2483.302624538775, 1.12
0.0, 0.0
428.3400052960092, 0.55
306.03111568868934, 0.39
930.1261391813106, 0.32
777.7277738270708, 1.33
466.6872401335814, 0.31
239.05269863975616, 0.18
659.0082565821898, 0.26
378.6249249363919, 0.04
0.0, 0.0
722.1301196730712, 0.36
677.2834468291034, 0.0
277.9865606311294, 0.13
793.5479113151345, 0.44
303.4513050257261, 0.0
530.6039449748213, 0.07
701.9787463418503, 0.67
454.82543217530196, 0.23
841.1096533663823, 1.23
1133.7328459969783, 0.2
214.6861956057454, 0.0
759.4499610041049, 0.66
1305.7042430185372, 0.2
1497.7681820321923, 0.02
655.02472967324, 0.11
114.25441103771473, 0.03
751.8366612137808, 0.07
1670.4251688079723, 0.24
1732.7271458922608, 1.82
2453.15001324623, 1.5
0.0, 0.0
1467.6933831555584, 0.17
933.6464041078774, 0.62
592.9584965779524, 0.22
485.47908869567436, 0.21
877.4419209310424, 0.37
545.0551119697031, 0.31
557.0784533817342, 0.0
806.3478051591889, 0.5
498.0448389656966, 0.2
1007.1221804060729, 1.2
2408.384753154863, 2.4
405.81661793074386, 0.23
1289.42308707982, 0.51
841.3163495294366, 0.52
0.0, 0.0
203.92941848417024, 0.0
626.4829701061302, 0.15
598.3301786325426, 0.13
788.4033049852351, 0.33
363.029397743899, 0.07
1472.4810396684563, 0.58
951.4317119741706, 0.15
383.1580472424213, 0.12
827.5258371855591, 0.2
526.6675354062307, 0.86
331.17516234476784, 0.38
627.7254903244433, 0.41
0.0, 0.0
1121.7131737358345, 0.4
2687.35910575094, 1.39
111.86325031176237, 0.15
485.53516936753203, 0.14
338.3052102428153, 0.3
451.1356993272597, 0.56
223.23827445145852, 0.02
820.4267839319921, 0.0
479.5788011990837, 0.17
1953.2708313401936, 0.71
732.4920797590171, 0.58
0.0, 0.0
332.2621045472819, 0.45
140.01544669256384, 0.0
230.53704942890158, 0.03
40.85116680454847, 0.0
0.0, 0.0
463.2181421275725, 0.5
413.1085409163783, 0.05
325.1082221743158, 0.0
448.2064583246705, 0.42
941.0598375503921, 0.8
497.71783691634755, 0.18
0.0, 0.0
675.9963452660768, 0.0
851.9840224783009, 0.61
674.3042191806182, 0.18
317.6636199083316, 0.55
398.76756631369244, 0.0
844.9300521564811, 0.99
449.32586057106687, 0.0
467.19797092047327, 0.03
34.51867721200062, 0.11
3338.8962404933613, 2.62
0.0, 0.0
0.0, 0.0
0.0, 0.0
0.0, 0.0
493.40131369724196, 0.58
1847.2375341861357, 0.45
264.55771077168606, 0.0
1307.8741226295156, 0.53
923.9084208862872, 0.23
792.0262740659265, 0.19
856.3581720818565, 0.14
118.35635125142511, 0.0
4514.671680461577, 3.3
992.7957217456558, 0.72
460.0484183167487, 0.14
1230.5796869615135, 1.24
1035.3022080713179, 0.46
618.9630818524637, 0.48
2690.8879925594874, 0.53
933.1076948781863, 0.12
859.7832201048363, 0.5
1900.0134666509882, 0.76
1141.4249155405278, 0.82
495.70235560871356, 0.07
145.9125017522844, 0.0
1816.5082498862932, 1.91
30.038717348140853, 0.0
2220.2608843924713, 3.32
792.7628437820013, 0.26
619.7466011186823, 0.28
1727.462168535514, 0.3
6457.309911123341, 3.9
0.0, 0.0
554.7590417900923, 0.16
208.8113246135564, 0.05
1463.784360090418, 0.85
795.0584591686422, 0.63
469.610460947565, 0.16
791.2625169315959, 0.11
440.3164318494074, 0.0
1002.5948394250308, 0.55
481.04784520378814, 0.12
2153.4873301094935, 0.33
0.0, 0.0
1262.759667143278, 0.94
877.8383997631166, 1.94
1443.536307109379, 0.17
491.1181596717865, 0.2
0.0, 0.0
1239.426023325582, 0.17
311.32063260551763, 0.15
0.0, 0.0
269.9162919049857, 0.19
855.5508243871565, 0.57
310.7566571876061, 0.19
845.3059241775355, 0.54
1321.0426340419765, 0.17
555.6623757073518, 1.15
787.1812756376484, 0.18
269.8934517261845, 0.15
573.6847162063054, 0.85
338.8603536868292, 0.01
841.4265506870042, 0.57
1141.5385168964235, 0.35
234.14731271517823, 0.14
159.35258375058535, 0.48
829.7530079840956, 0.12
1315.8014849252152, 0.63
454.0262459940508, 0.24
1315.544303503506, 0.85
979.6989244279323, 0.74
893.6695797120221, 0.17
962.6386963994661, 0.62
0.0, 0.0
0.0, 0.0
501.86027925239625, 0.02
1948.7163070827417, 2.74
359.9374288822017, 0.2
1630.8954640289196, 0.5
332.67903595785066, 0.05
2967.344428844456, 3.03
1944.2571756438513, 0.24
2228.0479600774675, 0.09
962.715343690335, 0.37
579.0415997113237, 0.23
514.9189666596228, 0.58
347.9849423319316, 0.31
270.20497734056556, 0.27
0.0, 0.0
594.7127132978349, 0.62
464.12095812334866, 0.06
402.52281630106273, 0.53
0.0, 0.0
1076.8048148281325, 0.64
678.0519643716856, 0.15
25.58707768395366, 0.23
527.8247514021161, 0.26
467.3441388282266, 1.12
1559.2932328716554, 0.0
794.0240589611655, 0.36
268.6201353611324, 0.4
561.3084543553778, 0.3
1563.0493326880007, 1.75
491.357053665781, 0.5
2181.7898380983606, 1.14
556.0100075973463, 1.79
301.0469375171002, 0.05
325.33061455206564, 0.05
178.47449409616223, 0.14
2609.444175389929, 1.88
0.0, 0.0
0.0, 0.0
722.708991588988, 0.26
742.7995490161824, 0.07
2323.988964543755, 0.42
670.6314685735864, 1.22
542.8054348801379, 0.0
0.0, 0.0
350.14835674684645, 0.6
231.84781326304474, 0.0
2287.9054162042057, 1.64
302.67276952158164, 0.42
0.0, 0.0
1315.1579275993977, 1.51
50.51797217119452, 0.17
259.08794208203307, 0.52
0.0, 0.0
3194.1553113857603, 4.2
2213.8839800886103, 1.03
913.4771317671821, 0.66
2160.9899626227348, 0.2
1650.2272636272844, 0.11
498.6938829491907, 0.62
1529.2351133092766, 2.62
1031.773914874468, 0.06
2968.8110319708626, 0.73
1378.6620663840754, 0.55
747.15662307171, 0.28
500.8177213791727, 0.43
509.0529496126778, 0.31
290.92468075841145, 0.0
93.59028374070598, 0.1
273.82533110206407, 0.12
785.6740151651683, 1.39
2823.0693239080615, 3.62
485.388563190883, 0.42
578.9767999530518, 0.33
459.9051952768668, 0.37
2922.207045094659, 3.6
334.1028741803691, 0.19
946.463533665141, 0.25
1379.937058495193, 0.42
787.3435793893432, 0.14
430.65904588120287, 0.08
315.1300417308854, 0.07
1363.4513697501054, 0.07
1062.6195870287133, 0.33
882.4277327088678, 0.1
1297.0428642455558, 1.39
630.5287639999914, 0.2
173.5941733883571, 0.46
247.77464028037386, 0.03
551.8370659871366, 0.0
3088.4191119505404, 2.31
0.0, 0.0
1221.8894561354914, 0.82
459.48667386241095, 0.28
0.0, 0.0
1481.173432956342, 1.1
0.0, 0.0
602.7042371426868, 0.03
1471.971246663211, 0.83
127.69852606778423, 0.37
1692.988418743102, 0.08
210.62984923027992, 0.0
342.5055102262229, 0.12
0.0, 0.0
1119.948061880647, 0.11
0.0, 0.0
36.9506586011181, 0.13
92.96052370643322, 0.12
479.48317060252873, 0.33
423.912929175941, 0.0
294.38881427357273, 0.26
1024.2803639211097, 0.56
0.0, 0.0
2716.375850334045, 0.47
171.71403460571105, 0.27
1164.6142121219434, 1.48
0.0, 0.0
1705.5224263628918, 0.68
1633.7358491514626, 0.12
5476.222902939466, 0.82
252.66680531379723, 0.09
0.0, 0.0
864.8303559660748, 0.16
0.0, 0.0
228.02525466043153, 0.09
0.0, 0.0
972.3572467961262, 1.39
260.53156150078433, 0.21
221.68754453159696, 0.04
1130.2254380330664, 1.13
0.0, 0.0
485.29037156385584, 0.46
1219.3264184103175, 1.3
538.028603349999, 0.32
510.9632492884146, 0.29
2120.306566192178, 0.64
517.8228654660447, 0.32
383.9862089444974, 0.14
146.61885639429443, 0.13
630.0667170772064, 0.36
489.2022553502314, 0.22
2092.53186250762, 2.0
871.7678401343773, 0.13
1655.6398070267924, 0.21
867.0306610205619, 0.91
133.68639691779578, 0.26
0.0, 0.0
267.45242043869206, 0.0
370.83991540011743, 0.16
0.0, 0.0
305.5223466383806, 0.05
565.9343786375791, 0.28
330.6088366037368, 0.33
328.2847902070144, 0.2
323.71788428884105, 0.87
664.7713235400059, 0.31
1916.2936442073192, 0.63
11386.16487027587, 0.48
785.6948076005194, 0.33
0.0, 0.0
1495.229618680481, 1.14
0.0, 0.0
146.9431604698489, 0.13
126.62358674262956, 0.18
291.6474382365508, 0.1
256.81032898232576, 0.11
224.65784430945115, 0.0
1354.2477340616429, 0.14
178.65774003649344, 0.09
31.348877331178432, 0.0
1746.8301391102295, 0.67
484.6335302482803, 0.5
626.8043056555309, 0.0
1036.352375743961, 0.25
1571.7276421969482, 0.24
833.2543277692216, 0.14
80.58342927153129, 0.0
2298.569854089174, 0.16
1475.9186877828354, 0.26
3880.5821468158156, 0.24
2680.722955523815, 2.58
145.32957076677886, 0.0
0.0, 0.0
266.56768178079017, 0.08
1066.8448997656815, 0.34
431.1200163978783, 0.08
0.0, 0.0
1067.0111622586437, 0.74
44.97284752641536, 0.16
411.9596387257665, 0.13
1137.1254138057395, 0.54
222.7251273382341, 0.06
1115.1446879255768, 0.26
1217.3457604044527, 0.71
700.5624595802879, 0.17
1154.544738667176, 0.46
635.295792031927, 0.0
0.0, 0.0
772.1589130404824, 1.46
180.93912028502456, 0.13
597.760033932007, 0.37
1138.2022751111026, 0.38
1785.0983961978216, 2.74
391.2010014695502, 0.07
4204.69977535022, 0.6
235.80612712165706, 0.2
555.4597952883731, 0.1
1271.9000110314753, 0.37
0.0, 0.0
49.73030765815372, 0.15
35.2149619802622, 0.1
2533.872579149174, 3.38
939.0054251670837, 0.64
0.0, 0.0
0.0, 0.0
557.2391157350789, 0.27
928.8930608892225, 0.23
201.66990603020153, 0.05
1460.9346562383205, 0.76
970.3850116278015, 0.99
824.6458932408435, 0.44
1268.2538645140871, 0.43
1693.9087463408957, 0.18
0.0, 0.0
3881.229699475606, 2.38
295.3242656052412, 0.08
114.70075004902046, 0.0
1158.8637126717651, 1.53
0.0, 0.0
300.67075836692226, 0.0
818.4596000234656, 0.38
835.6899894229283, 0.26
0.0, 0.0
210.52364600121038, 0.0
3938.4288262615623, 3.65
274.22968503845067, 0.17
190.98671938099974, 0.0
499.31207227316963, 0.31
847.1433456336129, 0.23
326.04656956484814, 0.24
1211.2599795018057, 2.1
0.0, 0.0
0.0, 0.0
941.7521332815362, 0.0
1388.8955197078508, 0.18
1936.2971597244828, 0.75
439.209153421575, 0.0
711.0186683098374, 1.18
529.7202379338373, 0.21
613.5908941010565, 0.29
1119.2195430931217, 0.41
169.43011984206294, 0.14
567.8304256940678, 0.67
350.66697276487656, 0.0
191.1877492083437, 0.23
422.53518504047474, 0.09
1026.5834441346424, 0.59
18.635569310032892, 0.05
772.1550993612817, 0.08
1072.2106124611169, 0.59
2430.1763353129168, 1.02
1889.113113957945, 0.26
206.65688919058533, 0.0
2783.3283283852247, 0.69
88.48517936061174, 0.1
642.8082051353308, 0.18
598.4524285098198, 0.06
413.03534524340574, 0.17
1172.4901666135308, 0.54
2715.451643615789, 1.96
1019.7844385504663, 1.3
1015.3514152961184, 0.59
525.4381435120201, 0.13
790.8264282801855, 0.78
191.02691617261203, 0.14
674.421342589233, 0.38
533.2823299853977, 0.19
0.0, 0.0
1410.8895918047756, 1.59
1528.6362169795837, 1.53
3354.0948300646737, 0.1
393.1094754789922, 0.09
1287.8719662408714, 0.36
1283.359169146882, 1.51
396.8446801824337, 0.25
0.0, 0.0
970.8380710291226, 0.24
1053.2016159554523, 0.22
606.5049486190492, 0.03
619.7961528221405, 0.06
0.0, 0.0
1407.8564949551178, 0.35
417.5110876977336, 0.14
770.0725037934437, 0.25
610.6950153370625, 0.0
441.9066442508866, 0.0
417.54824291577773, 0.09
2761.19828147898, 1.93
964.349282488478, 0.29
1875.0680224463022, 0.61
276.191370670854, 0.59
2225.4926513094115, 0.2
1222.4967871626857, 0.88
1048.8369064963308, 0.3
518.2398041032405, 0.21
331.2092033670028, 0.06
227.6893353056619, 0.72
1393.0573287110005, 0.12
494.8011554001722, 0.37
208.83683218806954, 0.32
87.8686865022993, 0.09
1616.5617903843586, 1.71
401.9794482978945, 0.13
595.138809628422, 0.0
1228.080475455875, 0.01
741.0884196875026, 0.33
833.8726631007066, 0.66
1109.326265046988, 1.27
283.14622433954315, 0.28
4017.954051250604, 0.13
1824.491316872335, 0.67
0.0, 0.0
14143.185849928304, 1.02
992.6205377768022, 0.56
3106.27672380671, 3.31
1410.5016238619, 0.24
1746.3314583060746, 0.61
863.2454684004867, 0.18
136.59252101934715, 0.24
2971.481748419774, 1.22
899.8590885065529, 0.09
1381.0344108176043, 0.75
447.9959653717458, 0.12
693.729892249691, 0.1
1813.1217656730823, 2.58
506.6852046827458, 0.02
525.9446991849985, 0.73
407.68221396447467, 0.43
1562.0009460858207, 0.52
391.76059071471565, 0.03
598.3631975492933, 0.93
1433.36954026718, 0.86
404.04335226306875, 0.06
757.6593792784206, 0.95
138.7242040439877, 0.2
0.0, 0.0
262.1207115577518, 0.0
2030.588678156894, 2.91
1442.2356629850174, 1.18
3243.4106838302364, 2.52
624.0022308626801, 0.06
406.4545938108263, 0.14
808.2500130416998, 0.41
1144.9230849384435, 0.25
446.07574036523783, 0.25
237.28839425370705, 0.12
578.541913655526, 0.24
98.38801733393086, 0.08
533.9553603175355, 0.31
0.0, 0.0
308.97218794584717, 0.27
263.7868493042472, 0.16
1477.0222551156385, 1.25
0.0, 0.0
354.1504429573307, 0.1
551.0847619555834, 0.26
0.0, 0.0
252.77367378158507, 0.06
2037.3733037780155, 2.33
1928.0789792888559, 1.15
973.9044580565484, 0.21
1467.4595770602234, 0.3
0.0, 0.0
0.0, 0.0
0.0, 0.0
753.0441901210137, 0.81
593.755883488804, 0.34
89.71561823767938, 0.0
963.0438119355694, 0.34
3382.0903221282692, 2.34
2011.1093513886603, 1.98
3801.188764971374, 3.28
2500.9105424532495, 0.07
822.1399018160693, 0.41
257.50646879823194, 0.41
788.6032261390244, 0.3
2081.9555919708882, 0.86
531.1952488197633, 0.05
605.205880462099, 0.7
103.69937174760322, 0.26
231.27526641060848, 0.0
422.907481496046, 0.34
2234.9137954876833, 1.81
1103.7372517980818, 0.36
364.4872758138569, 0.35
1076.8840574091882, 0.76
763.8022073054829, 0.73
950.7075781330974, 0.7
0.0, 0.0
1494.1833037272925, 0.68
639.4351607183587, 0.41
165.38244675195503, 0.04
1012.2404659285389, 0.0
13.87082239656653, 0.0
590.4124001986152, 0.17
1355.608545325093, 2.44
223.98713585351535, 0.91
1723.1396362601863, 0.3
573.0372353319245, 0.01
873.2680170484458, 0.46
239.3179312263194, 0.13
538.7836058782309, 0.1
1484.9202205647875, 0.61
1638.669015194088, 0.07
1552.828338986224, 0.3
1407.7883791933161, 0.29
399.419160380075, 0.15
61.35682035948279, 0.02
1158.1489533387917, 0.22
1391.865712032809, 0.69
913.710399694735, 0.8
397.0448479690641, 0.0
788.358846634291, 0.19
441.4639941182537, 0.07
0.0, 0.0
121.17618923759812, 0.12
1250.3378911948175, 1.62
0.0, 0.0
1080.0232060809828, 0.44
383.03876558284946, 0.07
520.596922400614, 0.23
1332.785187946818, 0.44
321.67917740391783, 0.04
1094.383225108128, 0.14
227.91277654510722, 0.0
1216.857275932929, 0.35
0.0, 0.0
275.9762236128711, 0.0
688.8253180628141, 0.21
2225.3674505339486, 0.29
553.9101652266515, 1.03
2339.5490903196737, 3.27
3068.9226596430026, 0.81
346.09387167709843, 0.0
301.00924357721476, 0.15
1865.8457081773486, 2.39
0.0, 0.0
1049.830674857469, 1.81
0.0, 0.0
0.0, 0.0
162.47732823364686, 0.0
673.6186822529536, 0.24
443.2570559634717, 0.01
0.0, 0.0
540.0338378434581, 0.21
0.0, 0.0
186.0638578935594, 0.13
2595.200829732739, 0.2
484.859165286487, 0.22
895.9012456383067, 0.3
607.9135375256782, 0.0
554.0639650697453, 0.0
93.59260576237655, 0.11
3178.1438402052286, 1.43
1254.0435940743416, 0.29
1315.775390672236, 1.14
816.0935350644716, 0.27
0.0, 0.0
410.0604118687364, 0.59
225.1761612477959, 0.17
303.0742944533265, 0.17
1056.3001607397139, 0.36
277.17865542979797, 0.23